<?xml version="1.0" encoding="utf-8" standalone="yes"?>
<rss version="2.0" xmlns:atom="http://www.w3.org/2005/Atom">
  <channel>
    <title>Rant on </title>
    <link>/tags/rant/</link>
    <description>Recent content in Rant on </description>
    <generator>Hugo</generator>
    <language>en-us</language>
    <lastBuildDate>Sat, 19 Oct 2024 18:06:23 -0400</lastBuildDate>
    <atom:link href="/tags/rant/index.xml" rel="self" type="application/rss+xml" />
    <item>
      <title>IT in Schools part 1: the Problem</title>
      <link>/posts/it-in-schools-the-problem/</link>
      <pubDate>Sat, 19 Oct 2024 18:06:23 -0400</pubDate>
      <guid>/posts/it-in-schools-the-problem/</guid>
      <description>&lt;p&gt;When the system punishes for doing something helpful. That absolutely&#xA;enrages me. The other day, I was puttering around my highschool and I&#xA;found my old USB stick with KDE neon on it. I had the idea that I would&#xA;see if it would work on the computers in the computer lab. Surprisingly,&#xA;after a bit of fiddling, it did work-flawlessly-without a hitch. The process&#xA;could be simply followed by the most tech-adverse senior citezen.&#xA;I was alarmed, I was unhappy with the ease of this exploit and that&#xA;I had never thought of it before. I could have used this to browse the&#xA;uncensored internet for at least a month before anyone noticed; but instead&#xA;I made the descision to tell the IT department about the&#xA;vulnerability. And without much hesitation and discussion, and with a warning&#xA;not to do it again I was let off free. Then, a week later I brought my&#xA;flipper zero to school(so I could try to sell it to the principal&amp;rsquo;s kid)&#xA;and he used a badusb script on one of the beforementioned computers.&#xA;FOUR WHOLE DAYS after that, the principal calls home, says that IT had&#xA;talked to me already and that if I did something like this again I would be in trouble.&#xA;Perfectly reasonable, however what irked me was the ambiguity of&#xA;which problem was more problematic, the insane delay of response, and the&#xA;sheer lack of ability to understand exactly what a flipper zero can do.&#xA;Firstly the ambiguity, this was a big one: the principal bundled two separate&#xA;things I did and put them together into one single event, despite&#xA;the first problem seemingly already having been resolved.&#xA;Additionally this lumping of issues that had happened with weeks in-between&#xA;causes a general lack of understanding of either event. The principal&#xA;said she was afraid the flipper zero could steal the key-card-code to&#xA;enter the school-even though that is a blatant lie. It reminds me of the&#xA;cynical canadian lawmakers who banned it, claiming it can steal cars&#xA;without actually explaining the scientific limitations behind what&#xA;it can actually do(and how it does so). So what does this say about&#xA;the system of IT restictions in american public schools?&#xA;Well to put it briefly: Creativity and help are not appreciated,&#xA;and those with a determination to &amp;ldquo;move fast and break things&amp;rdquo; are&#xA;punished for what should be an aid to the general good.&lt;/p&gt;</description>
    </item>
  </channel>
</rss>
