<?xml version="1.0" encoding="utf-8" standalone="yes"?>
<rss version="2.0" xmlns:atom="http://www.w3.org/2005/Atom">
  <channel>
    <title>Tags on Zorp Blog</title>
    <link>https://zorp.neocities.org/tags/</link>
    <description>Recent content in Tags on Zorp Blog</description>
    <generator>Hugo</generator>
    <language>en-us</language>
    <lastBuildDate>Thu, 03 Oct 2024 20:20:58 -0400</lastBuildDate>
    <atom:link href="https://zorp.neocities.org/tags/index.xml" rel="self" type="application/rss+xml" />
    <item>
      <title>Default</title>
      <link>https://zorp.neocities.org/tags/default/</link>
      <pubDate>Thu, 03 Oct 2024 20:20:58 -0400</pubDate>
      <guid>https://zorp.neocities.org/tags/default/</guid>
      <description></description>
    </item>
  </channel>
</rss>
