<?xml version="1.0" encoding="utf-8" standalone="yes"?>
<rss version="2.0" xmlns:atom="http://www.w3.org/2005/Atom">
  <channel>
    <title>Tags on </title>
    <link>/tags/</link>
    <description>Recent content in Tags on </description>
    <generator>Hugo</generator>
    <language>en-us</language>
    <lastBuildDate>Sat, 19 Oct 2024 18:06:23 -0400</lastBuildDate>
    <atom:link href="/tags/index.xml" rel="self" type="application/rss+xml" />
    <item>
      <title>Rant</title>
      <link>/tags/rant/</link>
      <pubDate>Sat, 19 Oct 2024 18:06:23 -0400</pubDate>
      <guid>/tags/rant/</guid>
      <description></description>
    </item>
    <item>
      <title>School</title>
      <link>/tags/school/</link>
      <pubDate>Sat, 19 Oct 2024 18:06:23 -0400</pubDate>
      <guid>/tags/school/</guid>
      <description></description>
    </item>
    <item>
      <title>Default</title>
      <link>/tags/default/</link>
      <pubDate>Thu, 03 Oct 2024 20:20:58 -0400</pubDate>
      <guid>/tags/default/</guid>
      <description></description>
    </item>
  </channel>
</rss>
