<?xml version="1.0" encoding="utf-8" standalone="yes"?>
<rss version="2.0" xmlns:atom="http://www.w3.org/2005/Atom">
  <channel>
    <title>Zorp Blog</title>
    <link>https://zorp.neocities.org/</link>
    <description>Recent content on Zorp Blog</description>
    <generator>Hugo</generator>
    <language>en-us</language>
    <lastBuildDate>Mon, 30 Sep 2024 20:10:48 -0400</lastBuildDate>
    <atom:link href="https://zorp.neocities.org/index.xml" rel="self" type="application/rss+xml" />
    <item>
      <title>Full Workflow Vid Coming Soon</title>
      <link>https://zorp.neocities.org/posts/2024-09-30-full-workflow-vid-coming-soon/</link>
      <pubDate>Mon, 30 Sep 2024 20:10:48 -0400</pubDate>
      <guid>https://zorp.neocities.org/posts/2024-09-30-full-workflow-vid-coming-soon/</guid>
      <description>&lt;p&gt;I&amp;rsquo;m working on a video that shows off the bash script that I wrote that automatically cds and hugo create news etc etc. all the way down to opening nano&#xA;with the new file i made open. It&amp;rsquo;s also the first bash script I have ever made so I probably failed to make it &amp;ldquo;bashic&amp;rdquo; (pythonic for bash)&#xA;anyway, stay tuned.&lt;/p&gt;</description>
    </item>
    <item>
      <title>02 StaticSiteGens</title>
      <link>https://zorp.neocities.org/posts/2024-09-29-02-staticsitegens/</link>
      <pubDate>Sun, 29 Sep 2024 15:36:12 -0400</pubDate>
      <guid>https://zorp.neocities.org/posts/2024-09-29-02-staticsitegens/</guid>
      <description>&lt;p&gt;Why is it that static site generators are so finnicky? I have spent more hours of my life trying to wrestle HUGO into working than I rightly should have&#xA;considering the fact that it is supposed to be a &amp;ldquo;Fast&amp;rdquo; and &amp;ldquo;simple&amp;rdquo; Generator. Themes are a pain to install when they have depepndencies, the themes page is poorly updated&#xA;and many themes just simply don&amp;rsquo;t work. So I will go to the hugo themes website and add the theme that looks OK. Then I will copy the config over etc etc and then&#xA;the content I write Just won&amp;rsquo;t show up. I mentioned it before in my other post, but I almost gave up this whole website thing; it seemed like too much of a hassle.&#xA;I was banging my head against the keyboard (figurativley) and wishing I could be like other people. Because other people don&amp;rsquo;t devote their free time to&#xA;creating blogs that nobody really sees. Normal people don&amp;rsquo;t spend the precious hours of the weekend in GNU nano configuring the 20th static site generator of the day.&#xA;But at the end of the day, the programmer cycle of &amp;ldquo;I am a moron, I am a genius&amp;rdquo; is omnipresent. One day feels like a kick in the butt, you can&amp;rsquo;t even&#xA;configure a &amp;ldquo;user-friendly&amp;rdquo; static site generator to work correctly. I used to have a vanilla HTML and CSS site (at this very address) but I read an article about&#xA;how hotlinking is bad for making you&amp;rsquo;re website exist for years. (the article)[https://jeffhuang.com/designed_to_last/]&#xA;Anyway I decided to migrate my very very seizure inducing neocities page to be both more modern, more minimal, and more mindful the future.&#xA;So I guess the key takeaway is that despite how annoying static site generators are, at the end of the day most anything is easier than CSS and therefore&#xA;they are worth the struggle.&lt;/p&gt;</description>
    </item>
    <item>
      <title>Actually the first post</title>
      <link>https://zorp.neocities.org/posts/2024-09-29-actualfirstpost/</link>
      <pubDate>Sun, 29 Sep 2024 13:12:21 -0400</pubDate>
      <guid>https://zorp.neocities.org/posts/2024-09-29-actualfirstpost/</guid>
      <description>&lt;p&gt;Hello, Welcome, I finally got hugo to work.&#xA;Trust me I wish I had a better theme but that is basically not an option at this point. I had to resist bashing my head into&#xA;the computer yesterday. It seems this is the only properly configured Hugo theme. Thanks to the people/person that made smol&#xA;because it really simplifies writing content. I don&amp;rsquo;t mind having a simple site but blogging right in my html seems dangerous and it&#xA;tempts me to code. This way I can just focus on content and push it to neocities very easily. with the command &amp;ldquo;neocities push (the path to the public folder on hugo.)&amp;rdquo;&#xA;I did accedentally delete my other index.html that I spent at least 10hrs on (whoops&amp;hellip;) but It was a janky vanilla html mess of hotlinked everything.&#xA;It would not have lasted another year without a serious rennovation. this was easier.&lt;/p&gt;</description>
    </item>
    <item>
      <title>First</title>
      <link>https://zorp.neocities.org/posts/2024-09-29-first/</link>
      <pubDate>Sun, 29 Sep 2024 13:01:16 -0400</pubDate>
      <guid>https://zorp.neocities.org/posts/2024-09-29-first/</guid>
      <description>&lt;p&gt;hello&lt;/p&gt;&#xA;&lt;h2 id=&#34;hello&#34;&gt;Hello&lt;/h2&gt;&#xA;&lt;p&gt;mark&lt;/p&gt;&#xA;&lt;h1 id=&#34;up&#34;&gt;up&lt;/h1&gt;&#xA;&lt;p&gt;mark&lt;/p&gt;&#xA;&lt;h3 id=&#34;way-up&#34;&gt;way up&lt;/h3&gt;&#xA;&lt;p&gt;link[https://example.com]&lt;/p&gt;</description>
    </item>
  </channel>
</rss>
