<?xml version="1.0" encoding="utf-8" standalone="yes"?>
<rss version="2.0" xmlns:atom="http://www.w3.org/2005/Atom">
  <channel>
    <title>Blog on Zorp Blog</title>
    <link>https://zorp.neocities.org/categories/blog/</link>
    <description>Recent content in Blog on Zorp Blog</description>
    <generator>Hugo</generator>
    <language>en-us</language>
    <lastBuildDate>Sun, 29 Sep 2024 13:12:21 -0400</lastBuildDate>
    <atom:link href="https://zorp.neocities.org/categories/blog/index.xml" rel="self" type="application/rss+xml" />
    <item>
      <title>Actually the first post</title>
      <link>https://zorp.neocities.org/posts/2024-09-29-actualfirstpost/</link>
      <pubDate>Sun, 29 Sep 2024 13:12:21 -0400</pubDate>
      <guid>https://zorp.neocities.org/posts/2024-09-29-actualfirstpost/</guid>
      <description>&lt;p&gt;Hello, Welcome, I finally got hugo to work.&#xA;Trust me I wish I had a better theme but that is basically not an option at this point. I had to resist bashing my head into&#xA;the computer yesterday. It seems this is the only properly configured Hugo theme. Thanks to the people/person that made smol&#xA;because it really simplifies writing content. I don&amp;rsquo;t mind having a simple site but blogging right in my html seems dangerous and it&#xA;tempts me to code. This way I can just focus on content and push it to neocities very easily. with the command &amp;ldquo;neocities push (the path to the public folder on hugo.)&amp;rdquo;&#xA;I did accedentally delete my other index.html that I spent at least 10hrs on (whoops&amp;hellip;) but It was a janky vanilla html mess of hotlinked everything.&#xA;It would not have lasted another year without a serious rennovation. this was easier.&lt;/p&gt;</description>
    </item>
  </channel>
</rss>
