<?xml version="1.0" encoding="utf-8" standalone="yes"?>
<rss version="2.0" xmlns:atom="http://www.w3.org/2005/Atom">
  <channel>
    <title>Posts on </title>
    <link>/posts/</link>
    <description>Recent content in Posts on </description>
    <generator>Hugo</generator>
    <language>en-us</language>
    <lastBuildDate>Sat, 19 Oct 2024 18:06:23 -0400</lastBuildDate>
    <atom:link href="/posts/index.xml" rel="self" type="application/rss+xml" />
    <item>
      <title>IT in Schools part 1: the Problem</title>
      <link>/posts/it-in-schools-the-problem/</link>
      <pubDate>Sat, 19 Oct 2024 18:06:23 -0400</pubDate>
      <guid>/posts/it-in-schools-the-problem/</guid>
      <description>&lt;p&gt;When the system punishes for doing something helpful. That absolutely&#xA;enrages me. The other day, I was puttering around my highschool and I&#xA;found my old USB stick with KDE neon on it. I had the idea that I would&#xA;see if it would work on the computers in the computer lab. Surprisingly,&#xA;after a bit of fiddling, it did work-flawlessly-without a hitch. The process&#xA;could be simply followed by the most tech-adverse senior citezen.&#xA;I was alarmed, I was unhappy with the ease of this exploit and that&#xA;I had never thought of it before. I could have used this to browse the&#xA;uncensored internet for at least a month before anyone noticed; but instead&#xA;I made the descision to tell the IT department about the&#xA;vulnerability. And without much hesitation and discussion, and with a warning&#xA;not to do it again I was let off free. Then, a week later I brought my&#xA;flipper zero to school(so I could try to sell it to the principal&amp;rsquo;s kid)&#xA;and he used a badusb script on one of the beforementioned computers.&#xA;FOUR WHOLE DAYS after that, the principal calls home, says that IT had&#xA;talked to me already and that if I did something like this again I would be in trouble.&#xA;Perfectly reasonable, however what irked me was the ambiguity of&#xA;which problem was more problematic, the insane delay of response, and the&#xA;sheer lack of ability to understand exactly what a flipper zero can do.&#xA;Firstly the ambiguity, this was a big one: the principal bundled two separate&#xA;things I did and put them together into one single event, despite&#xA;the first problem seemingly already having been resolved.&#xA;Additionally this lumping of issues that had happened with weeks in-between&#xA;causes a general lack of understanding of either event. The principal&#xA;said she was afraid the flipper zero could steal the key-card-code to&#xA;enter the school-even though that is a blatant lie. It reminds me of the&#xA;cynical canadian lawmakers who banned it, claiming it can steal cars&#xA;without actually explaining the scientific limitations behind what&#xA;it can actually do(and how it does so). So what does this say about&#xA;the system of IT restictions in american public schools?&#xA;Well to put it briefly: Creativity and help are not appreciated,&#xA;and those with a determination to &amp;ldquo;move fast and break things&amp;rdquo; are&#xA;punished for what should be an aid to the general good.&lt;/p&gt;</description>
    </item>
    <item>
      <title>Why Everyone Needs a Personal Website</title>
      <link>/posts/why-everyone-needs-a-personal-website/</link>
      <pubDate>Sun, 06 Oct 2024 13:38:18 -0400</pubDate>
      <guid>/posts/why-everyone-needs-a-personal-website/</guid>
      <description>&lt;h2 id=&#34;they-dont-but-it-is-better-than-having-a-social-media&#34;&gt;they don&amp;rsquo;t but it is better than having a social media.&lt;/h2&gt;&#xA;&lt;p&gt;chances are you&amp;rsquo;re social media is useless. It helps nobody and is completley useless. It is a collection of silly selfies and screenshots from other&#xA;people&amp;rsquo;s twitter posts that were mildly amusing. There is no value. I am very hypocritical by writing this post. I have a youtube channel and a blusky&#xA;these are plauged by the same things that I just described. Without an algorithm, I feel no motivation to make my posts click-baity. There&#xA;is no reason for me to make content that will theoretically &amp;ldquo;do well&amp;rdquo; on the platform. Only to make whatever I feel like. The only anylitics&#xA;I have installed on this site is that which neocities automatically does. This removes the motivation to make the most widely aprreciated content&#xA;with hundreds of pictures and SEO friendly keywords and hashtags.&#xA;My second point is that writing as a medium allows for breakdowns of you&amp;rsquo;re projects. this is especially useful if you are doing something&#xA;technical that is not well documented. YOU have a good chance of becoming that lucky search result that explains exactly what the problem is&#xA;and how to fix it. How is you&amp;rsquo;re instagram helping anybody with anything?&#xA;that&amp;rsquo;s it folks im sick of writing.&lt;/p&gt;</description>
    </item>
    <item>
      <title>Shell Script Video</title>
      <link>/posts/2024-10-03-shellscriptvideo/</link>
      <pubDate>Thu, 03 Oct 2024 20:20:58 -0400</pubDate>
      <guid>/posts/2024-10-03-shellscriptvideo/</guid>
      <description>&lt;p&gt;&lt;a href=&#34;https://www.youtube.com/watch?v=GR-96xOM8h4&#34; target=&#34;_blank&#34;&gt;Link Here&lt;/a&gt;&lt;/p&gt;</description>
    </item>
    <item>
      <title>02 Linux.md</title>
      <link>/posts/2024-10-03-02-linux.md/</link>
      <pubDate>Thu, 03 Oct 2024 19:52:29 -0400</pubDate>
      <guid>/posts/2024-10-03-02-linux.md/</guid>
      <description>&lt;p&gt;&lt;img src=&#34;https://cdn.bsky.app/img/feed_fullsize/plain/did:plc:p2y466m63svxixp56gglbrlm/bafkreigzbyxw7spkpalbgoaphsdeztutkx5yktkwffgxlzl3zqfpai2mza@jpeg&#34; alt=&#34;my alt text&#34;&gt;&lt;/p&gt;&#xA;&lt;p&gt;&lt;img src=&#34;/linuxreasons.jpg&#34; alt=&#34;my alt text&#34;&gt;&lt;/p&gt;&#xA;&lt;p&gt;Linux is a real pain. It&amp;rsquo;s finnicky, It takes a long time to configure and almost nothing&#xA;works right out of the box. When you try to install a program there are about 5 ways&#xA;to do it, some of which are supported by said program and some, completeley bootleg.&#xA;There are literally hundreds  of different distrobutions with varying security,&#xA;use-cases, and preinstalled package managers. The GUI can change too, going from&#xA;non-traditional things like a 3d GUI all the way to windows and OSX recreations&#xA;that are surprising accurate. One might wonder why a person goes through all this struggle&#xA;instead of just picking a normal, bloated, corporate, locked down operating system like&#xA;a normal person. The answer is simple: Because linux makes you feel like a badass.&#xA;GNU/Linux is a culmination of the collective brains of literally thousands upon thousands&#xA;of people; from all over the world, from numerous backrounds and fields of work.&#xA;Linux is the official operating system for governments around the world and yet still it sucks.&#xA;That&amp;rsquo;s why some people use it, they enjoy a challenge. Arch linux as a philosophy&#xA;can be attributed to this natural human desire to do things the hard way in the interest&#xA;of being cool. Wheather or not spending &amp;ldquo;Unneccesary&amp;rdquo; time fiddling with you&amp;rsquo;re settings&#xA;for hours just trying to make a screen recording is attrractive or &amp;ldquo;cool&amp;rdquo; it is certainly&#xA;educational. That is the primary reason I think people should use linux.&#xA;It is just difficult enough to learn things but just common enough to daily drive.&#xA;When you sit down and say &amp;ldquo;I will learn this.&amp;rdquo; it is a different type of learning&#xA;compared to that which happens when you are in the center of a project and need to&#xA;figure this out or all you&amp;rsquo;re work will be worthless. That is the kind of learning&#xA;that will really stick with you-it&amp;rsquo;s accosiated with emotion. It is not the blank&#xA;feelingless memorization of commands and phrases and filesystems. It is the quick skimming&#xA;of documentation, gleaning just enough information to complete the task, nothing more.&#xA;If you never have problems on you&amp;rsquo;re operating system, you will never learn about it.&#xA;And if you never learn about it you will never be able to fix it if something does go wrong.&#xA;There is a quote by stephen hawking along the lines of &amp;ldquo;A society that relies on technologys it&#xA;does not understand is suicidal.&amp;rdquo; Unfortunatley this is already a widespread problem&#xA;in our world. The people that understand the computers are consulted far too often,&#xA;experimentation is left out of the equation. Hell, even googling you&amp;rsquo;re problem is&#xA;out of the equation. This can be explained for high importance tasks that must not fail.&#xA;However it is suprising how many people ask someone who is &amp;ldquo;techy&amp;rdquo; before they even&#xA;google their issue. When you use linux there is such a constant influx of issues, problems,&#xA;and general things that need troubleshooting; that to google every problem, is imposible.&#xA;Experimentation, and even just plain simple reading the documentation come back into play.&#xA;People forget there are entire manuals written online for almost every piece of software.&#xA;These are free to read and in the process become more adept at using that software.&#xA;This is the reason that linux is as popular as it is, it&amp;rsquo;s not the customization,&#xA;it&amp;rsquo;s not the open source nature; it&amp;rsquo;s the attitude that one develops from using something&#xA;that is powerful and imperfect-almost like magic and religion. Mainstream operating systems&#xA;are like following a religion: you believe in it until it breaks and then you&#xA;talk to somebody else about it. Whereas GNU/Linux is like being a Rabbi or a monk.&#xA;You understand so much more and you encounter these things for long periods of time&#xA;daily. Not to say linux is a religion but it certainly has the capacity to change&#xA;you as a person. Food for thought indeed&amp;hellip;&lt;/p&gt;</description>
    </item>
    <item>
      <title>Full Workflow Vid Coming Soon</title>
      <link>/posts/2024-09-30-full-workflow-vid-coming-soon/</link>
      <pubDate>Mon, 30 Sep 2024 20:10:48 -0400</pubDate>
      <guid>/posts/2024-09-30-full-workflow-vid-coming-soon/</guid>
      <description>&lt;p&gt;I&amp;rsquo;m working on a video that shows off the bash script that I wrote that automatically cds and hugo create news etc etc. all the way down to opening nano&#xA;with the new file i made open. It&amp;rsquo;s also the first bash script I have ever made so I probably failed to make it &amp;ldquo;bashic&amp;rdquo; (pythonic for bash)&#xA;anyway, stay tuned.&lt;/p&gt;</description>
    </item>
    <item>
      <title>02 StaticSiteGens</title>
      <link>/posts/2024-09-29-02-staticsitegens/</link>
      <pubDate>Sun, 29 Sep 2024 15:36:12 -0400</pubDate>
      <guid>/posts/2024-09-29-02-staticsitegens/</guid>
      <description>&lt;p&gt;Why is it that static site generators are so finnicky? I have spent more hours of my life trying to wrestle HUGO into working than I rightly should have&#xA;considering the fact that it is supposed to be a &amp;ldquo;Fast&amp;rdquo; and &amp;ldquo;simple&amp;rdquo; Generator. Themes are a pain to install when they have depepndencies, the themes page is poorly updated&#xA;and many themes just simply don&amp;rsquo;t work. So I will go to the hugo themes website and add the theme that looks OK. Then I will copy the config over etc etc and then&#xA;the content I write Just won&amp;rsquo;t show up. I mentioned it before in my other post, but I almost gave up this whole website thing; it seemed like too much of a hassle.&#xA;I was banging my head against the keyboard (figurativley) and wishing I could be like other people. Because other people don&amp;rsquo;t devote their free time to&#xA;creating blogs that nobody really sees. Normal people don&amp;rsquo;t spend the precious hours of the weekend in GNU nano configuring the 20th static site generator of the day.&#xA;But at the end of the day, the programmer cycle of &amp;ldquo;I am a moron, I am a genius&amp;rdquo; is omnipresent. One day feels like a kick in the butt, you can&amp;rsquo;t even&#xA;configure a &amp;ldquo;user-friendly&amp;rdquo; static site generator to work correctly. I used to have a vanilla HTML and CSS site (at this very address) but I read an article about&#xA;how hotlinking is bad for making you&amp;rsquo;re website exist for years. (the article)[https://jeffhuang.com/designed_to_last/]&#xA;Anyway I decided to migrate my very very seizure inducing neocities page to be both more modern, more minimal, and more mindful the future.&#xA;So I guess the key takeaway is that despite how annoying static site generators are, at the end of the day most anything is easier than CSS and therefore&#xA;they are worth the struggle.&lt;/p&gt;</description>
    </item>
    <item>
      <title>Actually the first post</title>
      <link>/posts/2024-09-29-actualfirstpost/</link>
      <pubDate>Sun, 29 Sep 2024 13:12:21 -0400</pubDate>
      <guid>/posts/2024-09-29-actualfirstpost/</guid>
      <description>&lt;p&gt;Hello, Welcome, I finally got hugo to work.&#xA;Trust me I wish I had a better theme but that is basically not an option at this point. I had to resist bashing my head into&#xA;the computer yesterday. It seems this is the only properly configured Hugo theme. Thanks to the people/person that made smol&#xA;because it really simplifies writing content. I don&amp;rsquo;t mind having a simple site but blogging right in my html seems dangerous and it&#xA;tempts me to code. This way I can just focus on content and push it to neocities very easily. with the command &amp;ldquo;neocities push (the path to the public folder on hugo.)&amp;rdquo;&#xA;I did accedentally delete my other index.html that I spent at least 10hrs on (whoops&amp;hellip;) but It was a janky vanilla html mess of hotlinked everything.&#xA;It would not have lasted another year without a serious rennovation. this was easier.&lt;/p&gt;</description>
    </item>
  </channel>
</rss>
